Year,CO2-BAU,CH4-BAU,N2O-BAU,HFC-BAU,PFC-BAU,SF6-BAU,CO2B-BAU,CH4B-BAU,CO2-S1,CH4-S1,N2O-S1,HFC-S1,PFC-S1,SF6-S1,CO2B-S1,CH4B-S1,CO2-S2,CH4-S2,N2O-S2,HFC-S2,PFC-S2,SF6-S2,CO2B-S2,CH4B-S2,CO2-S3,CH4-S3,N2O-S3,HFC-S3,PFC-S3,SF6-S3,CO2B-S3,CH4B-S3
1750,14.99,0,0,0,0,0,0,0,14.99,0,0,0,0,0,0,0,14.99,0,0,0,0,0,0,0,14.99,0,0,0,0,0,0,0
1751,14.99,0,0,0,0,0,0,0,14.99,0,0,0,0,0,0,0,14.99,0,0,0,0,0,0,0,14.99,0,0,0,0,0,0,0
1752,14.99,0,0,0,0,0,0,0,14.99,0,0,0,0,0,0,0,14.99,0,0,0,0,0,0,0,14.99,0,0,0,0,0,0,0
1753,14.99,0,0,0,0,0,0,0,14.99,0,0,0,0,0,0,0,14.99,0,0,0,0,0,0,0,14.99,0,0,0,0,0,0,0
1754,14.99,0,0,0,0,0,0,0,14.99,0,0,0,0,0,0,0,14.99,0,0,0,0,0,0,0,14.99,0,0,0,0,0,0,0
1755,14.99,0,0,0,0,0,0,0,14.99,0,0,0,0,0,0,0,14.99,0,0,0,0,0,0,0,14.99,0,0,0,0,0,0,0
1756,14.99,0,0,0,0,0,0,0,14.99,0,0,0,0,0,0,0,14.99,0,0,0,0,0,0,0,14.99,0,0,0,0,0,0,0
1757,14.99,0,0,0,0,0,0,0,14.99,0,0,0,0,0,0,0,14.99,0,0,0,0,0,0,0,14.99,0,0,0,0,0,0,0
1758,14.99,0,0,0,0,0,0,0,14.99,0,0,0,0,0,0,0,14.99,0,0,0,0,0,0,0,14.99,0,0,0,0,0,0,0
1759,14.99,0,0,0,0,0,0,0,14.99,0,0,0,0,0,0,0,14.99,0,0,0,0,0,0,0,14.99,0,0,0,0,0,0,0
1760,14.99,0,0,0,0,0,0,0,14.99,0,0,0,0,0,0,0,14.99,0,0,0,0,0,0,0,14.99,0,0,0,0,0,0,0
1761,14.99,0,0,0,0,0,0,0,14.99,0,0,0,0,0,0,0,14.99,0,0,0,0,0,0,0,14.99,0,0,0,0,0,0,0
1762,14.99,0,0,0,0,0,0,0,14.99,0,0,0,0,0,0,0,14.99,0,0,0,0,0,0,0,14.99,0,0,0,0,0,0,0
1763,14.99,0,0,0,0,0,0,0,14.99,0,0,0,0,0,0,0,14.99,0,0,0,0,0,0,0,14.99,0,0,0,0,0,0,0
1764,14.99,0,0,0,0,0,0,0,14.99,0,0,0,0,0,0,0,14.99,0,0,0,0,0,0,0,14.99,0,0,0,0,0,0,0
1765,14.99,0,0,0,0,0,0,0,14.99,0,0,0,0,0,0,0,14.99,0,0,0,0,0,0,0,14.99,0,0,0,0,0,0,0
1766,14.99,64.35,9.32,0,0,0,21,64.35,14.99,64.35,9.32,0,0,0,20.72,64.35,14.99,64.35,9.32,0,0,0,20.72,64.35,14.99,64.35,9.32,0,0,0,20.72,64.35
1767,14.99,79.86,18.17,0,0,0,41.43,79.86,14.99,79.86,18.17,0,0,0,41.43,79.86,14.99,79.86,18.17,0,0,0,41.43,79.86,14.99,79.86,18.17,0,0,0,41.43,79.86
1768,14.99,95.41,27.02,0,0,0,62.15,95.41,14.99,95.41,27.02,0,0,0,62.15,95.41,14.99,95.41,27.02,0,0,0,62.15,95.41,14.99,95.41,27.02,0,0,0,62.15,95.41
1769,14.99,111.02,35.86,0,0,0,82.87,111.02,14.99,111.02,35.86,0,0,0,82.87,111.02,14.99,111.02,35.86,0,0,0,82.87,111.02,14.99,111.02,35.86,0,0,0,82.87,111.02
1770,14.99,126.68,44.71,0,0,0,103.59,126.68,14.99,126.68,44.71,0,0,0,103.59,126.68,14.99,126.68,44.71,0,0,0,103.59,126.68,14.99,126.68,44.71,0,0,0,103.59,126.68
1771,19.99,142.39,53.56,0,0,0,124.3,142.39,19.99,142.39,53.56,0,0,0,124.3,142.39,19.99,142.39,53.56,0,0,0,124.3,142.39,19.99,142.39,53.56,0,0,0,124.3,142.39
1772,19.99,158.16,62.41,0,0,0,145.02,158.16,19.99,158.16,62.41,0,0,0,145.02,158.16,19.99,158.16,62.41,0,0,0,145.02,158.16,19.99,158.16,62.41,0,0,0,145.02,158.16
1773,19.99,173.98,71.26,0,0,0,165.74,173.98,19.99,173.98,71.26,0,0,0,165.74,173.98,19.99,173.98,71.26,0,0,0,165.74,173.98,19.99,173.98,71.26,0,0,0,165.74,173.98
1774,19.99,189.86,80.11,0,0,0,186.46,189.86,19.99,189.86,80.11,0,0,0,186.46,189.86,19.99,189.86,80.11,0,0,0,186.46,189.86,19.99,189.86,80.11,0,0,0,186.46,189.86
1775,19.99,205.8,88.96,0,0,0,207.17,205.8,19.99,205.8,88.96,0,0,0,207.17,205.8,19.99,205.8,88.96,0,0,0,207.17,205.8,19.99,205.8,88.96,0,0,0,207.17,205.8
1776,19.99,221.8,97.81,0,0,0,227.89,221.8,19.99,221.8,97.81,0,0,0,227.89,221.8,19.99,221.8,97.81,0,0,0,227.89,221.8,19.99,221.8,97.81,0,0,0,227.89,221.8
1777,19.99,237.86,106.66,0,0,0,248.61,237.86,19.99,237.86,106.66,0,0,0,248.61,237.86,19.99,237.86,106.66,0,0,0,248.61,237.86,19.99,237.86,106.66,0,0,0,248.61,237.86
1778,19.99,253.99,115.51,0,0,0,269.33,253.99,19.99,253.99,115.51,0,0,0,269.33,253.99,19.99,253.99,115.51,0,0,0,269.33,253.99,19.99,253.99,115.51,0,0,0,269.33,253.99
1779,19.99,270.19,124.36,0,0,0,290.04,270.19,19.99,270.19,124.36,0,0,0,290.04,270.19,19.99,270.19,124.36,0,0,0,290.04,270.19,19.99,270.19,124.36,0,0,0,290.04,270.19
1780,19.99,286.45,133.22,0,0,0,310.76,286.45,19.99,286.45,133.22,0,0,0,310.76,286.45,19.99,286.45,133.22,0,0,0,310.76,286.45,19.99,286.45,133.22,0,0,0,310.76,286.45
1781,24.98,302.79,142.07,0,0,0,331.48,302.79,24.98,302.79,142.07,0,0,0,331.48,302.79,24.98,302.79,142.07,0,0,0,331.48,302.79,24.98,302.79,142.07,0,0,0,331.48,302.79
1782,24.98,319.2,150.93,0,0,0,352.2,319.2,24.98,319.2,150.93,0,0,0,352.2,319.2,24.98,319.2,150.93,0,0,0,352.2,319.2,24.98,319.2,150.93,0,0,0,352.2,319.2
1783,24.98,335.69,159.78,0,0,0,372.91,335.69,24.98,335.69,159.78,0,0,0,372.91,335.69,24.98,335.69,159.78,0,0,0,372.91,335.69,24.98,335.69,159.78,0,0,0,372.91,335.69
1784,24.98,352.26,168.64,0,0,0,393.63,352.26,24.98,352.26,168.64,0,0,0,393.63,352.26,24.98,352.26,168.64,0,0,0,393.63,352.26,24.98,352.26,168.64,0,0,0,393.63,352.26
1785,24.98,368.9,177.5,0,0,0,414.35,368.9,24.98,368.9,177.5,0,0,0,414.35,368.9,24.98,368.9,177.5,0,0,0,414.35,368.9,24.98,368.9,177.5,0,0,0,414.35,368.9
1786,24.98,385.64,186.35,0,0,0,435.07,385.64,24.98,385.64,186.35,0,0,0,435.07,385.64,24.98,385.64,186.35,0,0,0,435.07,385.64,24.98,385.64,186.35,0,0,0,435.07,385.64
1787,24.98,402.45,195.21,0,0,0,455.78,402.45,24.98,402.45,195.21,0,0,0,455.78,402.45,24.98,402.45,195.21,0,0,0,455.78,402.45,24.98,402.45,195.21,0,0,0,455.78,402.45
1788,24.98,419.36,204.07,0,0,0,476.5,419.36,24.98,419.36,204.07,0,0,0,476.5,419.36,24.98,419.36,204.07,0,0,0,476.5,419.36,24.98,419.36,204.07,0,0,0,476.5,419.36
1789,24.98,436.35,212.93,0,0,0,497.22,436.35,24.98,436.35,212.93,0,0,0,497.22,436.35,24.98,436.35,212.93,0,0,0,497.22,436.35,24.98,436.35,212.93,0,0,0,497.22,436.35
1790,24.98,453.45,221.8,0,0,0,517.94,453.45,24.98,453.45,221.8,0,0,0,517.94,453.45,24.98,453.45,221.8,0,0,0,517.94,453.45,24.98,453.45,221.8,0,0,0,517.94,453.45
1791,29.98,470.63,230.66,0,0,0,538.65,470.63,29.98,470.63,230.66,0,0,0,538.65,470.63,29.98,470.63,230.66,0,0,0,538.65,470.63,29.98,470.63,230.66,0,0,0,538.65,470.63
1792,29.98,487.92,239.52,0,0,0,559.37,487.92,29.98,487.92,239.52,0,0,0,559.37,487.92,29.98,487.92,239.52,0,0,0,559.37,487.92,29.98,487.92,239.52,0,0,0,559.37,487.92
1793,29.98,505.31,248.39,0,0,0,580.09,505.31,29.98,505.31,248.39,0,0,0,580.09,505.31,29.98,505.31,248.39,0,0,0,580.09,505.31,29.98,505.31,248.39,0,0,0,580.09,505.31
1794,29.98,522.81,257.25,0,0,0,600.81,522.81,29.98,522.81,257.25,0,0,0,600.81,522.81,29.98,522.81,257.25,0,0,0,600.81,522.81,29.98,522.81,257.25,0,0,0,600.81,522.81
1795,29.98,540.42,266.12,0,0,0,621.52,540.42,29.98,540.42,266.12,0,0,0,621.52,540.42,29.98,540.42,266.12,0,0,0,621.52,540.42,29.98,540.42,266.12,0,0,0,621.52,540.42
1796,29.98,558.14,274.99,0,0,0,642.24,558.14,29.98,558.14,274.99,0,0,0,642.24,558.14,29.98,558.14,274.99,0,0,0,642.24,558.14,29.98,558.14,274.99,0,0,0,642.24,558.14
1797,34.98,575.98,283.86,0,0,0,662.96,575.98,34.98,575.98,283.86,0,0,0,662.96,575.98,34.98,575.98,283.86,0,0,0,662.96,575.98,34.98,575.98,283.86,0,0,0,662.96,575.98
1798,34.98,593.93,292.73,0,0,0,683.68,593.93,34.98,593.93,292.73,0,0,0,683.68,593.93,34.98,593.93,292.73,0,0,0,683.68,593.93,34.98,593.93,292.73,0,0,0,683.68,593.93
1799,34.98,612.02,301.6,0,0,0,704.39,612.02,34.98,612.02,301.6,0,0,0,704.39,612.02,34.98,612.02,301.6,0,0,0,704.39,612.02,34.98,612.02,301.6,0,0,0,704.39,612.02
1800,39.98,630.22,310.47,0,0,0,725.11,630.22,39.98,630.22,310.47,0,0,0,725.11,630.22,39.98,630.22,310.47,0,0,0,725.11,630.22,39.98,630.22,310.47,0,0,0,725.11,630.22
1801,39.98,648.57,319.34,0,0,0,745.83,648.57,39.98,648.57,319.34,0,0,0,745.83,648.57,39.98,648.57,319.34,0,0,0,745.83,648.57,39.98,648.57,319.34,0,0,0,745.83,648.57
1802,49.97,667.04,328.22,0,0,0,766.55,667.04,49.97,667.04,328.22,0,0,0,766.55,667.04,49.97,667.04,328.22,0,0,0,766.55,667.04,49.97,667.04,328.22,0,0,0,766.55,667.04
1803,44.97,685.66,337.09,0,0,0,787.26,685.66,44.97,685.66,337.09,0,0,0,787.26,685.66,44.97,685.66,337.09,0,0,0,787.26,685.66,44.97,685.66,337.09,0,0,0,787.26,685.66
1804,44.97,704.42,345.97,0,0,0,807.98,704.42,44.97,704.42,345.97,0,0,0,807.98,704.42,44.97,704.42,345.97,0,0,0,807.98,704.42,44.97,704.42,345.97,0,0,0,807.98,704.42
1805,44.97,723.33,354.85,0,0,0,828.7,723.33,44.97,723.33,354.85,0,0,0,828.7,723.33,44.97,723.33,354.85,0,0,0,828.7,723.33,44.97,723.33,354.85,0,0,0,828.7,723.33
1806,49.97,742.39,363.73,0,0,0,849.42,742.39,49.97,742.39,363.73,0,0,0,849.42,742.39,49.97,742.39,363.73,0,0,0,849.42,742.39,49.97,742.39,363.73,0,0,0,849.42,742.39
1807,49.97,761.61,372.62,0,0,0,870.13,761.61,49.97,761.61,372.62,0,0,0,870.13,761.61,49.97,761.61,372.62,0,0,0,870.13,761.61,49.97,761.61,372.62,0,0,0,870.13,761.61
1808,49.97,781,381.5,0,0,0,890.85,781,49.97,781,381.5,0,0,0,890.85,781,49.97,781,381.5,0,0,0,890.85,781,49.97,781,381.5,0,0,0,890.85,781
1809,49.97,800.55,390.38,0,0,0,911.57,800.55,49.97,800.55,390.38,0,0,0,911.57,800.55,49.97,800.55,390.38,0,0,0,911.57,800.55,49.97,800.55,390.38,0,0,0,911.57,800.55
1810,49.97,820.28,399.27,0,0,0,932.29,820.28,49.97,820.28,399.27,0,0,0,932.29,820.28,49.97,820.28,399.27,0,0,0,932.29,820.28,49.97,820.28,399.27,0,0,0,932.29,820.28
1811,54.97,840.18,408.16,0,0,0,953,840.18,54.97,840.18,408.16,0,0,0,953,840.18,54.97,840.18,408.16,0,0,0,953,840.18,54.97,840.18,408.16,0,0,0,953,840.18
1812,54.97,860.27,417.05,0,0,0,973.72,860.27,54.97,860.27,417.05,0,0,0,973.72,860.27,54.97,860.27,417.05,0,0,0,973.72,860.27,54.97,860.27,417.05,0,0,0,973.72,860.27
1813,54.97,880.55,425.94,0,0,0,994.44,880.55,54.97,880.55,425.94,0,0,0,994.44,880.55,54.97,880.55,425.94,0,0,0,994.44,880.55,54.97,880.55,425.94,0,0,0,994.44,880.55
1814,54.97,901.02,434.84,0,0,0,1015.16,901.02,54.97,901.02,434.84,0,0,0,1015.16,901.02,54.97,901.02,434.84,0,0,0,1015.16,901.02,54.97,901.02,434.84,0,0,0,1015.16,901.02
1815,59.96,921.7,443.74,0,0,0,1035.87,921.7,59.96,921.7,443.74,0,0,0,1035.87,921.7,59.96,921.7,443.74,0,0,0,1035.87,921.7,59.96,921.7,443.74,0,0,0,1035.87,921.7
1816,64.96,942.58,452.63,0,0,0,1056.59,942.58,64.96,942.58,452.63,0,0,0,1056.59,942.58,64.96,942.58,452.63,0,0,0,1056.59,942.58,64.96,942.58,452.63,0,0,0,1056.59,942.58
1817,69.96,963.68,461.54,0,0,0,1077.31,963.68,69.96,963.68,461.54,0,0,0,1077.31,963.68,69.96,963.68,461.54,0,0,0,1077.31,963.68,69.96,963.68,461.54,0,0,0,1077.31,963.68
1818,69.96,985,470.44,0,0,0,1098.03,985,69.96,985,470.44,0,0,0,1098.03,985,69.96,985,470.44,0,0,0,1098.03,985,69.96,985,470.44,0,0,0,1098.03,985
1819,69.96,1006.55,479.34,0,0,0,1118.74,1006.55,69.96,1006.55,479.34,0,0,0,1118.74,1006.55,69.96,1006.55,479.34,0,0,0,1118.74,1006.55,69.96,1006.55,479.34,0,0,0,1118.74,1006.55
1820,69.96,1028.33,488.25,0,0,0,1139.46,1028.33,69.96,1028.33,488.25,0,0,0,1139.46,1028.33,69.96,1028.33,488.25,0,0,0,1139.46,1028.33,69.96,1028.33,488.25,0,0,0,1139.46,1028.33
1821,69.96,1050.35,497.16,0,0,0,1160.18,1050.35,69.96,1050.35,497.16,0,0,0,1160.18,1050.35,69.96,1050.35,497.16,0,0,0,1160.18,1050.35,69.96,1050.35,497.16,0,0,0,1160.18,1050.35
1822,74.95,1072.63,506.07,0,0,0,1180.9,1072.63,74.95,1072.63,506.07,0,0,0,1180.9,1072.63,74.95,1072.63,506.07,0,0,0,1180.9,1072.63,74.95,1072.63,506.07,0,0,0,1180.9,1072.63
1823,79.95,1095.16,514.99,0,0,0,1201.61,1095.16,79.95,1095.16,514.99,0,0,0,1201.61,1095.16,79.95,1095.16,514.99,0,0,0,1201.61,1095.16,79.95,1095.16,514.99,0,0,0,1201.61,1095.16
1824,79.95,1117.95,523.9,0,0,0,1222.33,1117.95,79.95,1117.95,523.9,0,0,0,1222.33,1117.95,79.95,1117.95,523.9,0,0,0,1222.33,1117.95,79.95,1117.95,523.9,0,0,0,1222.33,1117.95
1825,84.95,1141.02,532.82,0,0,0,1243.05,1141.02,84.95,1141.02,532.82,0,0,0,1243.05,1141.02,84.95,1141.02,532.82,0,0,0,1243.05,1141.02,84.95,1141.02,532.82,0,0,0,1243.05,1141.02
1826,84.95,1164.38,541.75,0,0,0,1263.77,1164.38,84.95,1164.38,541.75,0,0,0,1263.77,1164.38,84.95,1164.38,541.75,0,0,0,1263.77,1164.38,84.95,1164.38,541.75,0,0,0,1263.77,1164.38
1827,89.94,1188.02,550.67,0,0,0,1284.48,1188.02,89.94,1188.02,550.67,0,0,0,1284.48,1188.02,89.94,1188.02,550.67,0,0,0,1284.48,1188.02,89.94,1188.02,550.67,0,0,0,1284.48,1188.02
1828,89.94,1211.96,559.6,0,0,0,1305.2,1211.96,89.94,1211.96,559.6,0,0,0,1305.2,1211.96,89.94,1211.96,559.6,0,0,0,1305.2,1211.96,89.94,1211.96,559.6,0,0,0,1305.2,1211.96
1829,89.94,1236.22,568.53,0,0,0,1325.92,1236.22,89.94,1236.22,568.53,0,0,0,1325.92,1236.22,89.94,1236.22,568.53,0,0,0,1325.92,1236.22,89.94,1236.22,568.53,0,0,0,1325.92,1236.22
1830,119.93,1260.79,577.47,0,0,0,1346.64,1260.79,119.93,1260.79,577.47,0,0,0,1346.64,1260.79,119.93,1260.79,577.47,0,0,0,1346.64,1260.79,119.93,1260.79,577.47,0,0,0,1346.64,1260.79
1831,114.93,1285.69,586.41,0,0,0,1367.35,1285.69,114.93,1285.69,586.41,0,0,0,1367.35,1285.69,114.93,1285.69,586.41,0,0,0,1367.35,1285.69,114.93,1285.69,586.41,0,0,0,1367.35,1285.69
1832,114.93,1310.92,595.35,0,0,0,1388.07,1310.92,114.93,1310.92,595.35,0,0,0,1388.07,1310.92,114.93,1310.92,595.35,0,0,0,1388.07,1310.92,114.93,1310.92,595.35,0,0,0,1388.07,1310.92
1833,119.93,1336.51,604.29,0,0,0,1408.79,1336.51,119.93,1336.51,604.29,0,0,0,1408.79,1336.51,119.93,1336.51,604.29,0,0,0,1408.79,1336.51,119.93,1336.51,604.29,0,0,0,1408.79,1336.51
1834,119.93,1362.46,613.24,0,0,0,1429.51,1362.46,119.93,1362.46,613.24,0,0,0,1429.51,1362.46,119.93,1362.46,613.24,0,0,0,1429.51,1362.46,119.93,1362.46,613.24,0,0,0,1429.51,1362.46
1835,124.92,1388.77,622.19,0,0,0,1450.22,1388.77,124.92,1388.77,622.19,0,0,0,1450.22,1388.77,124.92,1388.77,622.19,0,0,0,1450.22,1388.77,124.92,1388.77,622.19,0,0,0,1450.22,1388.77
1836,144.91,1415.47,631.15,0,0,0,1470.94,1415.47,144.91,1415.47,631.15,0,0,0,1470.94,1415.47,144.91,1415.47,631.15,0,0,0,1470.94,1415.47,144.91,1415.47,631.15,0,0,0,1470.94,1415.47
1837,144.91,1442.57,640.11,0,0,0,1491.66,1442.57,144.91,1442.57,640.11,0,0,0,1491.66,1442.57,144.91,1442.57,640.11,0,0,0,1491.66,1442.57,144.91,1442.57,640.11,0,0,0,1491.66,1442.57
1838,149.91,1470.07,649.07,0,0,0,1512.38,1470.07,149.91,1470.07,649.07,0,0,0,1512.38,1470.07,149.91,1470.07,649.07,0,0,0,1512.38,1470.07,149.91,1470.07,649.07,0,0,0,1512.38,1470.07
1839,154.9,1497.99,658.04,0,0,0,1533.09,1497.99,154.9,1497.99,658.04,0,0,0,1533.09,1497.99,154.9,1497.99,658.04,0,0,0,1533.09,1497.99,154.9,1497.99,658.04,0,0,0,1533.09,1497.99
1840,164.9,1526.34,667.01,0,0,0,1553.81,1526.34,164.9,1526.34,667.01,0,0,0,1553.81,1526.34,164.9,1526.34,667.01,0,0,0,1553.81,1526.34,164.9,1526.34,667.01,0,0,0,1553.81,1526.34
1841,169.89,1555.14,675.98,0,0,0,1574.53,1555.14,169.89,1555.14,675.98,0,0,0,1574.53,1555.14,169.89,1555.14,675.98,0,0,0,1574.53,1555.14,169.89,1555.14,675.98,0,0,0,1574.53,1555.14
1842,179.89,1584.4,684.96,0,0,0,1595.25,1584.4,179.89,1584.4,684.96,0,0,0,1595.25,1584.4,179.89,1584.4,684.96,0,0,0,1595.25,1584.4,179.89,1584.4,684.96,0,0,0,1595.25,1584.4
1843,184.88,1614.13,693.95,0,0,0,1615.96,1614.13,184.88,1614.13,693.95,0,0,0,1615.96,1614.13,184.88,1614.13,693.95,0,0,0,1615.96,1614.13,184.88,1614.13,693.95,0,0,0,1615.96,1614.13
1844,194.88,1644.35,702.94,0,0,0,1636.68,1644.35,194.88,1644.35,702.94,0,0,0,1636.68,1644.35,194.88,1644.35,702.94,0,0,0,1636.68,1644.35,194.88,1644.35,702.94,0,0,0,1636.68,1644.35
1845,214.87,1675.07,711.93,0,0,0,1657.4,1675.07,214.87,1675.07,711.93,0,0,0,1657.4,1675.07,214.87,1675.07,711.93,0,0,0,1657.4,1675.07,214.87,1675.07,711.93,0,0,0,1657.4,1675.07
1846,214.87,1706.31,720.93,0,0,0,1678.12,1706.31,214.87,1706.31,720.93,0,0,0,1678.12,1706.31,214.87,1706.31,720.93,0,0,0,1678.12,1706.31,214.87,1706.31,720.93,0,0,0,1678.12,1706.31
1847,229.86,1738.14,729.94,0,0,0,1698.83,1738.14,229.86,1738.14,729.94,0,0,0,1698.83,1738.14,229.86,1738.14,729.94,0,0,0,1698.83,1738.14,229.86,1738.14,729.94,0,0,0,1698.83,1738.14
1848,234.85,2020.09,738.95,0,0,0,1719.55,2020.09,234.85,2020.09,738.95,0,0,0,1719.55,2020.09,234.85,2020.09,738.95,0,0,0,1719.55,2020.09,234.85,2020.09,738.95,0,0,0,1719.55,2020.09
1849,249.84,2028.47,747.96,0,0,0,1740.27,2028.47,249.84,2028.47,747.96,0,0,0,1740.27,2028.47,249.84,2028.47,747.96,0,0,0,1740.27,2028.47,249.84,2028.47,747.96,0,0,0,1740.27,2028.47
1850,269.83,2427.67,756.99,0,0,0,1760.99,2427.67,269.83,2427.67,756.99,0,0,0,1760.99,2427.67,269.83,2427.67,756.99,0,0,0,1760.99,2427.67,269.83,2427.67,756.99,0,0,0,1760.99,2427.67
1851,269.83,2637.04,767.58,0,0,0,1733.94,2637.04,269.83,2637.04,767.58,0,0,0,1733.94,2637.04,269.83,2637.04,767.58,0,0,0,1733.94,2637.04,269.83,2637.04,767.58,0,0,0,1733.94,2637.04
1852,284.82,2999.95,834.49,0,0,0,1935.11,2999.95,284.82,2999.95,834.49,0,0,0,1935.11,2999.95,284.82,2999.95,834.49,0,0,0,1935.11,2999.95,284.82,2999.95,834.49,0,0,0,1935.11,2999.95
1853,294.82,3664.35,834.69,0,0,0,1930.19,3664.35,294.82,3664.35,834.69,0,0,0,1930.19,3664.35,294.82,3664.35,834.69,0,0,0,1930.19,3664.35,294.82,3664.35,834.69,0,0,0,1930.19,3664.35
1854,344.79,3935.13,834.09,0,0,0,1924.22,3935.13,344.79,3935.13,834.09,0,0,0,1924.22,3935.13,344.79,3935.13,834.09,0,0,0,1924.22,3935.13,344.79,3935.13,834.09,0,0,0,1924.22,3935.13
1855,354.78,4088.67,832.01,0,0,0,1915.93,4088.67,354.78,4088.67,832.01,0,0,0,1915.93,4088.67,354.78,4088.67,832.01,0,0,0,1915.93,4088.67,354.78,4088.67,832.01,0,0,0,1915.93,4088.67
1856,379.76,4147.29,839.22,0,0,0,1936.32,4147.29,379.76,4147.29,839.22,0,0,0,1936.32,4147.29,379.76,4147.29,839.22,0,0,0,1936.32,4147.29,379.76,4147.29,839.22,0,0,0,1936.32,4147.29
1857,384.76,4242.21,846.35,0,0,0,1956.88,4242.21,384.76,4242.21,846.35,0,0,0,1956.88,4242.21,384.76,4242.21,846.35,0,0,0,1956.88,4242.21,384.76,4242.21,846.35,0,0,0,1956.88,4242.21
1858,389.76,4390.16,853.12,0,0,0,1976.29,4390.16,389.76,4390.16,853.12,0,0,0,1976.29,4390.16,389.76,4390.16,853.12,0,0,0,1976.29,4390.16,389.76,4390.16,853.12,0,0,0,1976.29,4390.16
1859,414.74,4688.86,859.82,0,0,0,1995.78,4688.86,414.74,4688.86,859.82,0,0,0,1995.78,4688.86,414.74,4688.86,859.82,0,0,0,1995.78,4688.86,414.74,4688.86,859.82,0,0,0,1995.78,4688.86
1860,454.72,4231.04,866.67,0,0,0,2014.07,4231.04,454.72,4231.04,866.67,0,0,0,2014.07,4231.04,454.72,4231.04,866.67,0,0,0,2014.07,4231.04,454.72,4231.04,866.67,0,0,0,2014.07,4231.04
1861,474.7,3965.84,906.93,0,0,0,2049.99,3965.84,474.7,3965.84,906.93,0,0,0,2049.99,3965.84,474.7,3965.84,906.93,0,0,0,2049.99,3965.84,474.7,3965.84,906.93,0,0,0,2049.99,3965.84
1862,484.7,3446.6,846.08,0,0,0,1838.45,3446.6,484.7,3446.6,846.08,0,0,0,1838.45,3446.6,484.7,3446.6,846.08,0,0,0,1838.45,3446.6,484.7,3446.6,846.08,0,0,0,1838.45,3446.6
1863,519.68,3228.86,852.07,0,0,0,1838.58,3228.86,519.68,3228.86,852.07,0,0,0,1838.58,3228.86,519.68,3228.86,852.07,0,0,0,1838.58,3228.86,519.68,3228.86,852.07,0,0,0,1838.58,3228.86
1864,559.65,3499.64,858.19,0,0,0,1840.09,3499.64,559.65,3499.64,858.19,0,0,0,1840.09,3499.64,559.65,3499.64,858.19,0,0,0,1840.09,3499.64,559.65,3499.64,858.19,0,0,0,1840.09,3499.64
1865,594.63,4052.38,864.64,0,0,0,1842.64,4052.38,594.63,4052.38,864.64,0,0,0,1842.64,4052.38,594.63,4052.38,864.64,0,0,0,1842.64,4052.38,594.63,4052.38,864.64,0,0,0,1842.64,4052.38
1866,609.62,4577.2,869.59,0,0,0,1843.09,4577.2,609.62,4577.2,869.59,0,0,0,1843.09,4577.2,609.62,4577.2,869.59,0,0,0,1843.09,4577.2,609.62,4577.2,869.59,0,0,0,1843.09,4577.2
1867,650.71,4504.62,870.52,0,0,0,1837.16,4504.62,650.71,4504.62,870.52,0,0,0,1837.16,4504.62,650.71,4504.62,870.52,0,0,0,1837.16,4504.62,650.71,4504.62,870.52,0,0,0,1837.16,4504.62
1868,675.84,4384.58,872.73,0,0,0,1831.73,4384.58,675.84,4384.58,872.73,0,0,0,1831.73,4384.58,675.84,4384.58,872.73,0,0,0,1831.73,4384.58,675.84,4384.58,872.73,0,0,0,1831.73,4384.58
1869,710.96,4602.32,874.36,0,0,0,1825.91,4602.32,710.96,4602.32,874.36,0,0,0,1825.91,4602.32,710.96,4602.32,874.36,0,0,0,1825.91,4602.32,710.96,4602.32,874.36,0,0,0,1825.91,4602.32
1870,736.09,4741.9,875.95,0,0,0,1821.45,4741.9,736.09,4741.9,875.95,0,0,0,1821.45,4741.9,736.09,4741.9,875.95,0,0,0,1821.45,4741.9,736.09,4741.9,875.95,0,0,0,1821.45,4741.9
1871,781.21,5071.31,1050.64,0,0,0,1891.27,5071.31,781.21,5071.31,1050.64,0,0,0,1891.27,5071.31,781.21,5071.31,1050.64,0,0,0,1891.27,5071.31,781.21,5071.31,1050.64,0,0,0,1891.27,5071.31
1872,866.31,5263.93,1197.41,0,0,0,2200.34,5263.93,866.31,5263.93,1197.41,0,0,0,2200.34,5263.93,866.31,5263.93,1197.41,0,0,0,2200.34,5263.93,866.31,5263.93,1197.41,0,0,0,2200.34,5263.93
1873,921.42,5523.55,1250.62,0,0,0,2238.91,5523.55,921.42,5523.55,1250.62,0,0,0,2238.91,5523.55,921.42,5523.55,1250.62,0,0,0,2238.91,5523.55,921.42,5523.55,1250.62,0,0,0,2238.91,5523.55
1874,871.6,5487.26,1272.85,0,0,0,2263.68,5487.26,871.6,5487.26,1272.85,0,0,0,2263.68,5487.26,871.6,5487.26,1272.85,0,0,0,2263.68,5487.26,871.6,5487.26,1272.85,0,0,0,2263.68,5487.26
1875,941.7,5481.68,1293.67,0,0,0,2289.62,5481.68,941.7,5481.68,1293.67,0,0,0,2289.62,5481.68,941.7,5481.68,1293.67,0,0,0,2289.62,5481.68,941.7,5481.68,1293.67,0,0,0,2289.62,5481.68
1876,956.83,5470.51,1338.39,0,0,0,2314.55,5470.51,956.83,5470.51,1338.39,0,0,0,2314.55,5470.51,956.83,5470.51,1338.39,0,0,0,2314.55,5470.51,956.83,5470.51,1338.39,0,0,0,2314.55,5470.51
1877,971.97,5180.19,1358.31,0,0,0,2338.73,5180.19,971.97,5180.19,1358.31,0,0,0,2338.73,5180.19,971.97,5180.19,1358.31,0,0,0,2338.73,5180.19,971.97,5180.19,1358.31,0,0,0,2338.73,5180.19
1878,979.39,5272.31,1375.75,0,0,0,2363.67,5272.31,979.39,5272.31,1375.75,0,0,0,2363.67,5272.31,979.39,5272.31,1375.75,0,0,0,2363.67,5272.31,979.39,5272.31,1375.75,0,0,0,2363.67,5272.31
1879,1049.35,5459.35,1391.67,0,0,0,2388.11,5459.35,1049.35,5459.35,1391.67,0,0,0,2388.11,5459.35,1049.35,5459.35,1391.67,0,0,0,2388.11,5459.35,1049.35,5459.35,1391.67,0,0,0,2388.11,5459.35
1880,1179.27,5107.6,1408.21,0,0,0,2410.99,5107.6,1179.27,5107.6,1408.21,0,0,0,2410.99,5107.6,1179.27,5107.6,1408.21,0,0,0,2410.99,5107.6,1179.27,5107.6,1408.21,0,0,0,2410.99,5107.6
1881,1214.24,5263.93,1457.52,0,0,0,2518.22,5263.93,1214.24,5263.93,1457.52,0,0,0,2518.22,5263.93,1214.24,5263.93,1457.52,0,0,0,2518.22,5263.93,1214.24,5263.93,1457.52,0,0,0,2518.22,5263.93
1882,1279.2,5305.81,1410.26,0,0,0,2346.65,5305.81,1279.2,5305.81,1410.26,0,0,0,2346.65,5305.81,1279.2,5305.81,1410.26,0,0,0,2346.65,5305.81,1279.2,5305.81,1410.26,0,0,0,2346.65,5305.81
1883,1359.15,5540.3,1423.36,0,0,0,2361.61,5540.3,1359.15,5540.3,1423.36,0,0,0,2361.61,5540.3,1359.15,5540.3,1423.36,0,0,0,2361.61,5540.3,1359.15,5540.3,1423.36,0,0,0,2361.61,5540.3
1884,1374.14,5587.76,1434.49,0,0,0,2375.62,5587.76,1374.14,5587.76,1434.49,0,0,0,2375.62,5587.76,1374.14,5587.76,1434.49,0,0,0,2375.62,5587.76,1374.14,5587.76,1434.49,0,0,0,2375.62,5587.76
1885,1384.14,5819.46,1444.87,0,0,0,2387.68,5819.46,1384.14,5819.46,1444.87,0,0,0,2387.68,5819.46,1384.14,5819.46,1444.87,0,0,0,2387.68,5819.46,1384.14,5819.46,1444.87,0,0,0,2387.68,5819.46
1886,1404.13,5696.63,1483.77,0,0,0,2395.08,5696.63,1404.13,5696.63,1483.77,0,0,0,2395.08,5696.63,1404.13,5696.63,1483.77,0,0,0,2395.08,5696.63,1404.13,5696.63,1483.77,0,0,0,2395.08,5696.63
1887,1474.08,5665.93,1494.55,0,0,0,2391.28,5665.93,1474.08,5665.93,1494.55,0,0,0,2391.28,5665.93,1474.08,5665.93,1494.55,0,0,0,2391.28,5665.93,1474.08,5665.93,1494.55,0,0,0,2391.28,5665.93
1888,1633.98,5484.47,1503.28,0,0,0,2385.73,5484.47,1633.98,5484.47,1503.28,0,0,0,2385.73,5484.47,1633.98,5484.47,1503.28,0,0,0,2385.73,5484.47,1633.98,5484.47,1503.28,0,0,0,2385.73,5484.47
1889,1633.98,5548.68,1511.15,0,0,0,2379.78,5548.68,1633.98,5548.68,1511.15,0,0,0,2379.78,5548.68,1633.98,5548.68,1511.15,0,0,0,2379.78,5548.68,1633.98,5548.68,1511.15,0,0,0,2379.78,5548.68
1890,1778.89,5914.38,1518.49,0,0,0,2374.17,5914.38,1778.89,5914.38,1518.49,0,0,0,2374.17,5914.38,1778.89,5914.38,1518.49,0,0,0,2374.17,5914.38,1778.89,5914.38,1518.49,0,0,0,2374.17,5914.38
1891,1858.84,6358.24,1528.29,0,0,0,2368.32,6358.24,1858.84,6358.24,1528.29,0,0,0,2368.32,6358.24,1858.84,6358.24,1528.29,0,0,0,2368.32,6358.24,1858.84,6358.24,1528.29,0,0,0,2368.32,6358.24
1892,1868.84,6514.57,1539.85,0,0,0,2418.55,6514.57,1868.84,6514.57,1539.85,0,0,0,2418.55,6514.57,1868.84,6514.57,1539.85,0,0,0,2418.55,6514.57,1868.84,6514.57,1539.85,0,0,0,2418.55,6514.57
1893,1848.85,6388.95,1553.03,0,0,0,2423.26,6388.95,1848.85,6388.95,1553.03,0,0,0,2423.26,6388.95,1848.85,6388.95,1553.03,0,0,0,2423.26,6388.95,1848.85,6388.95,1553.03,0,0,0,2423.26,6388.95
1894,1913.81,6238.2,1567.73,0,0,0,2485.21,6238.2,1913.81,6238.2,1567.73,0,0,0,2485.21,6238.2,1913.81,6238.2,1567.73,0,0,0,2485.21,6238.2,1913.81,6238.2,1567.73,0,0,0,2485.21,6238.2
1895,2028.74,6120.96,1583.78,0,0,0,2500.93,6120.96,2028.74,6120.96,1583.78,0,0,0,2500.93,6120.96,2028.74,6120.96,1583.78,0,0,0,2500.93,6120.96,2028.74,6120.96,1583.78,0,0,0,2500.93,6120.96
1896,2093.7,6254.95,1600.91,0,0,0,2508.15,6254.95,2093.7,6254.95,1600.91,0,0,0,2508.15,6254.95,2093.7,6254.95,1600.91,0,0,0,2508.15,6254.95,2093.7,6254.95,1600.91,0,0,0,2508.15,6254.95
1897,2198.63,6363.83,1618.84,0,0,0,2520.9,6363.83,2198.63,6363.83,1618.84,0,0,0,2520.9,6363.83,2198.63,6363.83,1618.84,0,0,0,2520.9,6363.83,2198.63,6363.83,1618.84,0,0,0,2520.9,6363.83
1898,2323.55,6444.78,1637.3,0,0,0,2526.48,6444.78,2323.55,6444.78,1637.3,0,0,0,2526.48,6444.78,2323.55,6444.78,1637.3,0,0,0,2526.48,6444.78,2323.55,6444.78,1637.3,0,0,0,2526.48,6444.78
1899,2533.42,6520.16,1656.02,0,0,0,2531.15,6520.16,2533.42,6520.16,1656.02,0,0,0,2531.15,6520.16,2533.42,6520.16,1656.02,0,0,0,2531.15,6520.16,2533.42,6520.16,1656.02,0,0,0,2531.15,6520.16
1900,2668.34,6760.23,1674.73,0,0,0,2535.04,6760.23,2668.34,6760.23,1674.73,0,0,0,2535.04,6760.23,2668.34,6760.23,1674.73,0,0,0,2535.04,6760.23,2668.34,6760.23,1674.73,0,0,0,2535.04,6760.23
1901,2758.28,6938.9,1696.54,0,0,0,2728.06,6938.9,2758.28,6938.9,1696.54,0,0,0,2728.06,6938.9,2758.28,6938.9,1696.54,0,0,0,2728.06,6938.9,2758.28,6938.9,1696.54,0,0,0,2728.06,6938.9
1902,2828.24,7145.47,1723.95,0,0,0,2728.18,7145.47,2828.24,7145.47,1723.95,0,0,0,2728.18,7145.47,2828.24,7145.47,1723.95,0,0,0,2728.18,7145.47,2828.24,7145.47,1723.95,0,0,0,2728.18,7145.47
1903,3083.08,6919.35,1755.77,0,0,0,2820.15,6919.35,3083.08,6919.35,1755.77,0,0,0,2820.15,6919.35,3083.08,6919.35,1755.77,0,0,0,2820.15,6919.35,3083.08,6919.35,1755.77,0,0,0,2820.15,6919.35
1904,3118.06,6933.31,1790.94,0,0,0,2904.06,6933.31,3118.06,6933.31,1790.94,0,0,0,2904.06,6933.31,3118.06,6933.31,1790.94,0,0,0,2904.06,6933.31,3118.06,6933.31,1790.94,0,0,0,2904.06,6933.31
1905,3312.94,6863.52,1828.47,0,0,0,2987.59,6863.52,3312.94,6863.52,1828.47,0,0,0,2987.59,6863.52,3312.94,6863.52,1828.47,0,0,0,2987.59,6863.52,3312.94,6863.52,1828.47,0,0,0,2987.59,6863.52
1906,3532.8,6849.56,1867.29,0,0,0,3091.28,6849.56,3532.8,6849.56,1867.29,0,0,0,3091.28,6849.56,3532.8,6849.56,1867.29,0,0,0,3091.28,6849.56,3532.8,6849.56,1867.29,0,0,0,3091.28,6849.56
1907,3917.56,6997.52,1906.29,0,0,0,3119.34,6997.52,3917.56,6997.52,1906.29,0,0,0,3119.34,6997.52,3917.56,6997.52,1906.29,0,0,0,3119.34,6997.52,3917.56,6997.52,1906.29,0,0,0,3119.34,6997.52
1908,3747.67,7363.22,1944.39,0,0,0,3149.02,7363.22,3747.67,7363.22,1944.39,0,0,0,3149.02,7363.22,3747.67,7363.22,1944.39,0,0,0,3149.02,7363.22,3747.67,7363.22,1944.39,0,0,0,3149.02,7363.22
1909,3922.56,7145.47,1980.5,0,0,0,3172.18,7145.47,3922.56,7145.47,1980.5,0,0,0,3172.18,7145.47,3922.56,7145.47,1980.5,0,0,0,3172.18,7145.47,3922.56,7145.47,1980.5,0,0,0,3172.18,7145.47
1910,4092.45,7123.14,2013.54,0,0,0,3190.04,7123.14,4092.45,7123.14,2013.54,0,0,0,3190.04,7123.14,4092.45,7123.14,2013.54,0,0,0,3190.04,7123.14,4092.45,7123.14,2013.54,0,0,0,3190.04,7123.14
1911,4177.4,7167.81,2045.5,0,0,0,3022.82,7167.81,4177.4,7167.81,2045.5,0,0,0,3022.82,7167.81,4177.4,7167.81,2045.5,0,0,0,3022.82,7167.81,4177.4,7167.81,2045.5,0,0,0,3022.82,7167.81
1912,4392.26,7444.18,2078.88,0,0,0,2902.34,7444.18,4392.26,7444.18,2078.88,0,0,0,2902.34,7444.18,4392.26,7444.18,2078.88,0,0,0,2902.34,7444.18,4392.26,7444.18,2078.88,0,0,0,2902.34,7444.18
1913,4712.07,7681.46,2113.33,0,0,0,2805.82,7681.46,4712.07,7681.46,2113.33,0,0,0,2805.82,7681.46,4712.07,7681.46,2113.33,0,0,0,2805.82,7681.46,4712.07,7681.46,2113.33,0,0,0,2805.82,7681.46
1914,4247.35,7969,2148.38,0,0,0,2774.05,7969,4247.35,7969,2148.38,0,0,0,2774.05,7969,4247.35,7969,2148.38,0,0,0,2774.05,7969,4247.35,7969,2148.38,0,0,0,2774.05,7969
1915,4187.39,7474.88,2183.55,0,0,0,2738.95,7474.88,4187.39,7474.88,2183.55,0,0,0,2738.95,7474.88,4187.39,7474.88,2183.55,0,0,0,2738.95,7474.88,4187.39,7474.88,2183.55,0,0,0,2738.95,7474.88
1916,4502.2,7773.58,2218.53,0,0,0,2748.14,7773.58,4502.2,7773.58,2218.53,0,0,0,2748.14,7773.58,4502.2,7773.58,2218.53,0,0,0,2748.14,7773.58,4502.2,7773.58,2218.53,0,0,0,2748.14,7773.58
1917,4772.03,7675.88,2253.01,0,0,0,2760.09,7675.88,4772.03,7675.88,2253.01,0,0,0,2760.09,7675.88,4772.03,7675.88,2253.01,0,0,0,2760.09,7675.88,4772.03,7675.88,2253.01,0,0,0,2760.09,7675.88
1918,4677.09,7567.01,2286.67,0,0,0,2772.15,7567.01,4677.09,7567.01,2286.67,0,0,0,2772.15,7567.01,4677.09,7567.01,2286.67,0,0,0,2772.15,7567.01,4677.09,7567.01,2286.67,0,0,0,2772.15,7567.01
1919,4027.49,7955.04,2319.2,0,0,0,2792.92,7955.04,4027.49,7955.04,2319.2,0,0,0,2792.92,7955.04,4027.49,7955.04,2319.2,0,0,0,2792.92,7955.04,4027.49,7955.04,2319.2,0,0,0,2792.92,7955.04
1920,4657.1,8036,2350.29,0,0,0,2799.24,8036,4657.1,8036,2350.29,0,0,0,2799.24,8036,4657.1,8036,2350.29,0,0,0,2799.24,8036,4657.1,8036,2350.29,0,0,0,2799.24,8036
1921,4012.5,8477.07,2381.01,0,0,0,2939.47,8477.07,4012.5,8477.07,2381.01,0,0,0,2939.47,8477.07,4012.5,8477.07,2381.01,0,0,0,2939.47,8477.07,4012.5,8477.07,2381.01,0,0,0,2939.47,8477.07
1922,4222.37,8354.24,2412.41,0,0,0,2902.7,8354.24,4222.37,8354.24,2412.41,0,0,0,2902.7,8354.24,4222.37,8354.24,2412.41,0,0,0,2902.7,8354.24,4222.37,8354.24,2412.41,0,0,0,2902.7,8354.24
1923,4846.98,8083.45,2444.13,0,0,0,2923.45,8083.45,4846.98,8083.45,2444.13,0,0,0,2923.45,8083.45,4846.98,8083.45,2444.13,0,0,0,2923.45,8083.45,4846.98,8083.45,2444.13,0,0,0,2923.45,8083.45
1924,4812,8055.54,2477.68,0,0,0,2937.31,8055.54,4812,8055.54,2477.68,0,0,0,2937.31,8055.54,4812,8055.54,2477.68,0,0,0,2937.31,8055.54,4812,8055.54,2477.68,0,0,0,2937.31,8055.54
1925,4871.97,7282.26,2514.09,0,0,0,2942.08,7282.26,4871.97,7282.26,2514.09,0,0,0,2942.08,7282.26,4871.97,7282.26,2514.09,0,0,0,2942.08,7282.26,4871.97,7282.26,2514.09,0,0,0,2942.08,7282.26
1926,4911.94,7159.43,2552.34,0,0,0,2955.25,7159.43,4911.94,7159.43,2552.34,0,0,0,2955.25,7159.43,4911.94,7159.43,2552.34,0,0,0,2955.25,7159.43,4911.94,7159.43,2552.34,0,0,0,2955.25,7159.43
1927,5306.7,7438.59,2591.36,0,0,0,3093.8,7438.59,5306.7,7438.59,2591.36,0,0,0,3093.8,7438.59,5306.7,7438.59,2591.36,0,0,0,3093.8,7438.59,5306.7,7438.59,2591.36,0,0,0,3093.8,7438.59
1928,5321.69,7656.34,2630.11,0,0,0,3103.46,7656.34,5321.69,7656.34,2630.11,0,0,0,3103.46,7656.34,5321.69,7656.34,2630.11,0,0,0,3103.46,7656.34,5321.69,7656.34,2630.11,0,0,0,3103.46,7656.34
1929,5721.44,7689.84,2667.56,0,0,0,3198.75,7689.84,5721.44,7689.84,2667.56,0,0,0,3198.75,7689.84,5721.44,7689.84,2667.56,0,0,0,3198.75,7689.84,5721.44,7689.84,2667.56,0,0,0,3198.75,7689.84
1930,5261.72,7413.47,2702.65,0,0,0,3476.83,7413.47,5261.72,7413.47,2702.65,0,0,0,3476.83,7413.47,5261.72,7413.47,2702.65,0,0,0,3476.83,7413.47,5261.72,7413.47,2702.65,0,0,0,3476.83,7413.47
1931,4697.07,7388.34,2734.5,0,0,0,3505.79,7388.34,4697.07,7388.34,2734.5,0,0,0,3505.79,7388.34,4697.07,7388.34,2734.5,0,0,0,3505.79,7388.34,4697.07,7388.34,2734.5,0,0,0,3505.79,7388.34
1932,4232.36,7377.18,2763.04,0,0,0,3152.18,7377.18,4232.36,7377.18,2763.04,0,0,0,3152.18,7377.18,4232.36,7377.18,2763.04,0,0,0,3152.18,7377.18,4232.36,7377.18,2763.04,0,0,0,3152.18,7377.18
1933,4462.22,7689.84,2788.47,0,0,0,3138.06,7689.84,4462.22,7689.84,2788.47,0,0,0,3138.06,7689.84,4462.22,7689.84,2788.47,0,0,0,3138.06,7689.84,4462.22,7689.84,2788.47,0,0,0,3138.06,7689.84
1934,4861.97,7547.46,2811.17,0,0,0,3092.56,7547.46,4861.97,7547.46,2811.17,0,0,0,3092.56,7547.46,4861.97,7547.46,2811.17,0,0,0,3092.56,7547.46,4861.97,7547.46,2811.17,0,0,0,3092.56,7547.46
1935,5131.8,7360.43,2832.37,0,0,0,3084.22,7360.43,5131.8,7360.43,2832.37,0,0,0,3084.22,7360.43,5131.8,7360.43,2832.37,0,0,0,3084.22,7360.43,5131.8,7360.43,2832.37,0,0,0,3084.22,7360.43
1936,5646.48,7346.47,2853.55,0,0,0,3109.78,7346.47,5646.48,7346.47,2853.55,0,0,0,3109.78,7346.47,5646.48,7346.47,2853.55,0,0,0,3109.78,7346.47,5646.48,7346.47,2853.55,0,0,0,3109.78,7346.47
1937,6041.24,7181.76,2876.17,0,0,0,3025.95,7181.76,6041.24,7181.76,2876.17,0,0,0,3025.95,7181.76,6041.24,7181.76,2876.17,0,0,0,3025.95,7181.76,6041.24,7181.76,2876.17,0,0,0,3025.95,7181.76
1938,5706.45,7463.72,2901.69,0,0,0,3034.42,7463.72,5706.45,7463.72,2901.69,0,0,0,3034.42,7463.72,5706.45,7463.72,2901.69,0,0,0,3034.42,7463.72,5706.45,7463.72,2901.69,0,0,0,3034.42,7463.72
1939,5956.29,7466.51,2931.57,0,0,0,3024.96,7466.51,5956.29,7466.51,2931.57,0,0,0,3024.96,7466.51,5956.29,7466.51,2931.57,0,0,0,3024.96,7466.51,5956.29,7466.51,2931.57,0,0,0,3024.96,7466.51
1940,6490.96,7371.59,2967.27,0,0,0,2976.01,7371.59,6490.96,7371.59,2967.27,0,0,0,2976.01,7371.59,6490.96,7371.59,2967.27,0,0,0,2976.01,7371.59,6490.96,7371.59,2967.27,0,0,0,2976.01,7371.59
1941,6665.85,7726.13,3053.42,0,0,0,2912.1,7726.13,6665.85,7726.13,3053.42,0,0,0,2912.1,7726.13,6665.85,7726.13,3053.42,0,0,0,2912.1,7726.13,6665.85,7726.13,3053.42,0,0,0,2912.1,7726.13
1942,6705.82,7541.88,3221.62,0,0,0,2984.62,7541.88,6705.82,7541.88,3221.62,0,0,0,2984.62,7541.88,6705.82,7541.88,3221.62,0,0,0,2984.62,7541.88,6705.82,7541.88,3221.62,0,0,0,2984.62,7541.88
1943,6950.67,7687.04,3453.83,0,0,0,2964.11,7687.04,6950.67,7687.04,3453.83,0,0,0,2964.11,7687.04,6950.67,7687.04,3453.83,0,0,0,2964.11,7687.04,6950.67,7687.04,3453.83,0,0,0,2964.11,7687.04
1944,6910.7,7994.12,3747.5,0,0,0,2982.09,7994.12,6910.7,7994.12,3747.5,0,0,0,2982.09,7994.12,6910.7,7994.12,3747.5,0,0,0,2982.09,7994.12,6910.7,7994.12,3747.5,0,0,0,2982.09,7994.12
1945,5796.39,7896.42,4095.41,0,0,0,2985,7896.42,5796.39,7896.42,4095.41,0,0,0,2985,7896.42,5796.39,7896.42,4095.41,0,0,0,2985,7896.42,5796.39,7896.42,4095.41,0,0,0,2985,7896.42
1946,6186.15,7714.96,4472.48,0,0,0,3268.31,7714.96,6186.15,7714.96,4472.48,0,0,0,3268.31,7714.96,6186.15,7714.96,4472.48,0,0,0,3268.31,7714.96,6186.15,7714.96,4472.48,0,0,0,3268.31,7714.96
1947,6955.67,7167.81,4853.64,0,0,0,3377.1,7167.81,6955.67,7167.81,4853.64,0,0,0,3377.1,7167.81,6955.67,7167.81,4853.64,0,0,0,3377.1,7167.81,6955.67,7167.81,4853.64,0,0,0,3377.1,7167.81
1948,7340.43,7086.85,5213.82,0,0,0,3396.31,7086.85,7340.43,7086.85,5213.82,0,0,0,3396.31,7086.85,7340.43,7086.85,5213.82,0,0,0,3396.31,7086.85,7340.43,7086.85,5213.82,0,0,0,3396.31,7086.85
1949,7090.58,7661.92,5527.95,0,0,0,3423.46,7661.92,7090.58,7661.92,5527.95,0,0,0,3423.46,7661.92,7090.58,7661.92,5527.95,0,0,0,3423.46,7661.92,7090.58,7661.92,5527.95,0,0,0,3423.46,7661.92
1950,8144.93,8206.28,5770.96,0,0,0,3463.08,8206.28,8144.93,8206.28,5770.96,0,0,0,3463.08,8206.28,8144.93,8206.28,5770.96,0,0,0,3463.08,8206.28,8144.93,8206.28,5770.96,0,0,0,3463.08,8206.28
1951,8834.5,8357.03,5959.92,0,0,0,4224.45,8357.03,8834.5,8357.03,5959.92,0,0,0,4224.45,8357.03,8834.5,8357.03,5959.92,0,0,0,4224.45,8357.03,8834.5,8357.03,5959.92,0,0,0,4224.45,8357.03
1952,8974.41,8169.99,6126.05,0,0,0,4306.41,8169.99,8974.41,8169.99,6126.05,0,0,0,4306.41,8169.99,8974.41,8169.99,6126.05,0,0,0,4306.41,8169.99,8974.41,8169.99,6126.05,0,0,0,4306.41,8169.99
1953,9199.27,8415.65,6265.44,0,0,0,4286.54,8415.65,9199.27,8415.65,6265.44,0,0,0,4286.54,8415.65,9199.27,8415.65,6265.44,0,0,0,4286.54,8415.65,9199.27,8415.65,6265.44,0,0,0,4286.54,8415.65
1954,9319.2,8714.35,6383.3,0,0,0,4471.36,8714.35,9319.2,8714.35,6383.3,0,0,0,4471.36,8714.35,9319.2,8714.35,6383.3,0,0,0,4471.36,8714.35,9319.2,8714.35,6383.3,0,0,0,4471.36,8714.35
1955,10208.64,8655.73,6490.63,0,0,0,4622.89,8655.73,10208.64,8655.73,6490.63,0,0,0,4622.89,8655.73,10208.64,8655.73,6490.63,0,0,0,4622.89,8655.73,10208.64,8655.73,6490.63,0,0,0,4622.89,8655.73
1956,10883.22,8806.48,6592.22,0,0,0,4830.53,8806.48,10883.22,8806.48,6592.22,0,0,0,4830.53,8806.48,10883.22,8806.48,6592.22,0,0,0,4830.53,8806.48,10883.22,8806.48,6592.22,0,0,0,4830.53,8806.48
1957,11342.94,8471.49,6692.89,0,0,0,4936.03,8471.49,11342.94,8471.49,6692.89,0,0,0,4936.03,8471.49,11342.94,8471.49,6692.89,0,0,0,4936.03,8471.49,11342.94,8471.49,6692.89,0,0,0,4936.03,8471.49
1958,11642.75,8608.27,6797.43,0,0,0,5121.19,8608.27,11642.75,8608.27,6797.43,0,0,0,5121.19,8608.27,11642.75,8608.27,6797.43,0,0,0,5121.19,8608.27,11642.75,8608.27,6797.43,0,0,0,5121.19,8608.27
1959,12292.52,9216.84,6910.68,0,0,0,4671.05,9216.84,12292.52,9216.84,6910.68,0,0,0,4671.05,9216.84,12292.52,9216.84,6910.68,0,0,0,4671.05,9216.84,12292.52,9216.84,6910.68,0,0,0,4671.05,9216.84
1960,11150.71,9375.96,7037.44,0,0,0,4627.15,9375.96,11150.71,9375.96,7037.44,0,0,0,4627.15,9375.96,11150.71,9375.96,7037.44,0,0,0,4627.15,9375.96,11150.71,9375.96,7037.44,0,0,0,4627.15,9375.96
1961,12332.88,9297.8,7226.77,0,0,0,4829.11,9297.8,12332.88,9297.8,7226.77,0,0,0,4829.11,9297.8,12332.88,9297.8,7226.77,0,0,0,4829.11,9297.8,12332.88,9297.8,7226.77,0,0,0,4829.11,9297.8
1962,13085.81,9378.76,7513.47,0,0,0,4795.15,9378.76,13085.81,9378.76,7513.47,0,0,0,4795.15,9378.76,13085.81,9378.76,7513.47,0,0,0,4795.15,9378.76,13085.81,9378.76,7513.47,0,0,0,4795.15,9378.76
1963,13425.84,9708.16,7881.03,0,0,0,4829,9708.16,13425.84,9708.16,7881.03,0,0,0,4829,9708.16,13425.84,9708.16,7881.03,0,0,0,4829,9708.16,13425.84,9708.16,7881.03,0,0,0,4829,9708.16
1964,14193.37,9992.91,8328.49,0,0,0,4857.31,9992.91,14193.37,9992.91,8328.49,0,0,0,4857.31,9992.91,14193.37,9992.91,8328.49,0,0,0,4857.31,9992.91,14193.37,9992.91,8328.49,0,0,0,4857.31,9992.91
1965,13695.53,11101.17,8794.26,0,0,0,4906.47,11101.17,13695.53,11101.17,8794.26,0,0,0,4906.47,11101.17,13695.53,11101.17,8794.26,0,0,0,4906.47,11101.17,13695.53,11101.17,8794.26,0,0,0,4906.47,11101.17
1966,15070.76,11746.03,9330.82,0,0,0,5020.73,11746.03,15070.76,11746.03,9330.82,0,0,0,5020.73,11746.03,15070.76,11746.03,9330.82,0,0,0,5020.73,11746.03,15070.76,11746.03,9330.82,0,0,0,5020.73,11746.03
1967,16368.66,11734.87,9801.16,0,0,0,5035.97,11734.87,16368.66,11734.87,9801.16,0,0,0,5035.97,11734.87,16368.66,11734.87,9801.16,0,0,0,5035.97,11734.87,16368.66,11734.87,9801.16,0,0,0,5035.97,11734.87
1968,17773.15,11695.79,10092.58,0,0,0,4793.72,11695.79,17773.15,11695.79,10092.58,0,0,0,4793.72,11695.79,17773.15,11695.79,10092.58,0,0,0,4793.72,11695.79,17773.15,11695.79,10092.58,0,0,0,4793.72,11695.79
1969,18464.87,12019.61,10389.06,0,0,0,4806.08,12019.61,18464.87,12019.61,10389.06,0,0,0,4806.08,12019.61,18464.87,12019.61,10389.06,0,0,0,4806.08,12019.61,18464.87,12019.61,10389.06,0,0,0,4806.08,12019.61
1970,19362.78,12767.76,10662.12,0,0,0,4645.89,12767.76,19362.78,12767.76,10662.12,0,0,0,4645.89,12767.76,19362.78,12767.76,10662.12,0,0,0,4645.89,12767.76,19362.78,12767.76,10662.12,0,0,0,4645.89,12767.76
1971,22440.24,13384.7,10066.05,0,0,0,4156.04,13384.7,22440.24,13384.7,10066.05,0,0,0,4156.04,13384.7,22440.24,13384.7,10066.05,0,0,0,4156.04,13384.7,22440.24,13384.7,10066.05,0,0,0,4156.04,13384.7
1972,22001.13,14361.77,10628.45,0,0,0,4063.56,14361.77,22001.13,14361.77,10628.45,0,0,0,4063.56,14361.77,22001.13,14361.77,10628.45,0,0,0,4063.56,14361.77,22001.13,14361.77,10628.45,0,0,0,4063.56,14361.77
1973,22809.71,15997.64,10856.13,0,0,0,4009.37,15997.64,22809.71,15997.64,10856.13,0,0,0,4009.37,15997.64,22809.71,15997.64,10856.13,0,0,0,4009.37,15997.64,22809.71,15997.64,10856.13,0,0,0,4009.37,15997.64
1974,23255.86,16835.12,10668.81,0,0,0,4031.25,16835.12,23255.86,16835.12,10668.81,0,0,0,4031.25,16835.12,23255.86,16835.12,10668.81,0,0,0,4031.25,16835.12,23255.86,16835.12,10668.81,0,0,0,4031.25,16835.12
1975,22012.23,16151.18,11028.65,0,0,0,4003.5,16151.18,22012.23,16151.18,11028.65,0,0,0,4003.5,16151.18,22012.23,16151.18,11028.65,0,0,0,4003.5,16151.18,22012.23,16151.18,11028.65,0,0,0,4003.5,16151.18
1976,22257.42,15553.78,11321.9,0,0,0,4232.56,15553.78,22257.42,15553.78,11321.9,0,0,0,4232.56,15553.78,22257.42,15553.78,11321.9,0,0,0,4232.56,15553.78,22257.42,15553.78,11321.9,0,0,0,4232.56,15553.78
1977,23530.68,16028.35,11735.23,0,0,0,4245.67,16028.35,23530.68,16028.35,11735.23,0,0,0,4245.67,16028.35,23530.68,16028.35,11735.23,0,0,0,4245.67,16028.35,23530.68,16028.35,11735.23,0,0,0,4245.67,16028.35
1978,23541.45,15955.77,11887.82,0,0,0,4231.63,15955.77,23541.45,15955.77,11887.82,0,0,0,4231.63,15955.77,23541.45,15955.77,11887.82,0,0,0,4231.63,15955.77,23541.45,15955.77,11887.82,0,0,0,4231.63,15955.77
1979,27358.29,15941.81,12585.36,0,0,0,4132.06,15941.81,27358.29,15941.81,12585.36,0,0,0,4132.06,15941.81,27358.29,15941.81,12585.36,0,0,0,4132.06,15941.81,27358.29,15941.81,12585.36,0,0,0,4132.06,15941.81
1980,26228.91,15428.16,12681.65,0,0,0,3978.75,15428.16,26228.91,15428.16,12681.65,0,0,0,3978.75,15428.16,26228.91,15428.16,12681.65,0,0,0,3978.75,15428.16,26228.91,15428.16,12681.65,0,0,0,3978.75,15428.16
1981,26019.1,14967.54,12287.2,0,0,0,4055.02,14967.54,26019.1,14967.54,12287.2,0,0,0,4055.02,14967.54,26019.1,14967.54,12287.2,0,0,0,4055.02,14967.54,26019.1,14967.54,12287.2,0,0,0,4055.02,14967.54
1982,25524.74,14922.88,12785.08,0,0,0,4619.86,14922.88,25524.74,14922.88,12785.08,0,0,0,4619.86,14922.88,25524.74,14922.88,12785.08,0,0,0,4619.86,14922.88,25524.74,14922.88,12785.08,0,0,0,4619.86,14922.88
1983,25686.88,15151.79,12960.92,0,0,0,4756.14,15151.79,25686.88,15151.79,12960.92,0,0,0,4756.14,15151.79,25686.88,15151.79,12960.92,0,0,0,4756.14,15151.79,25686.88,15151.79,12960.92,0,0,0,4756.14,15151.79
1984,25507.94,15140.62,12657.84,0,0,0,4890.28,15140.62,25507.94,15140.62,12657.84,0,0,0,4890.28,15140.62,25507.94,15140.62,12657.84,0,0,0,4890.28,15140.62,25507.94,15140.62,12657.84,0,0,0,4890.28,15140.62
1985,26706.28,15176.91,12601.79,0,0,0,4949.51,15176.91,26706.28,15176.91,12601.79,0,0,0,4949.51,15176.91,26706.28,15176.91,12601.79,0,0,0,4949.51,15176.91,26706.28,15176.91,12601.79,0,0,0,4949.51,15176.91
1986,28503.88,14610.22,12697.99,0,0,0,4995.52,14610.22,28503.88,14610.22,12697.99,0,0,0,4995.52,14610.22,28503.88,14610.22,12697.99,0,0,0,4995.52,14610.22,28503.88,14610.22,12697.99,0,0,0,4995.52,14610.22
1987,30177.16,14412.01,13400.52,0,0,0,5021.94,14412.01,30177.16,14412.01,13400.52,0,0,0,5021.94,14412.01,30177.16,14412.01,13400.52,0,0,0,5021.94,14412.01,30177.16,14412.01,13400.52,0,0,0,5021.94,14412.01
1988,29834.79,14185.89,12935.08,0,0,0,5110.1,14185.89,29834.79,14185.89,12935.08,0,0,0,5110.1,14185.89,29834.79,14185.89,12935.08,0,0,0,5110.1,14185.89,29834.79,14185.89,12935.08,0,0,0,5110.1,14185.89
1989,30011.95,14682.8,13165.91,0,0,0,5136.95,14682.8,30011.95,14682.8,13165.91,0,0,0,5136.95,14682.8,30011.95,14682.8,13165.91,0,0,0,5136.95,14682.8,30011.95,14682.8,13165.91,0,0,0,5136.95,14682.8
1990,32891.01,15402.31,13631.07,0,0,0,5122.91,15402.31,32891.01,15402.31,13631.07,0,0,0,5122.91,15402.31,32891.01,15402.31,13631.07,0,0,0,5122.91,15402.31,32891.01,15402.31,13631.07,0,0,0,5122.91,15402.31
1991,33619.74,15726.7,13232.17,0,0,0,5234.61,15726.7,33619.74,15726.7,13232.17,0,0,0,5234.61,15726.7,33619.74,15726.7,13232.17,0,0,0,5234.61,15726.7,33619.74,15726.7,13232.17,0,0,0,5234.61,15726.7
1992,33441.03,15967.55,13117.2,0,0,0,5346.32,15967.55,33441.03,15967.55,13117.2,0,0,0,5346.32,15967.55,33441.03,15967.55,13117.2,0,0,0,5346.32,15967.55,33441.03,15967.55,13117.2,0,0,0,5346.32,15967.55
1993,33661.75,16132.51,13353.62,0,0,0,5458.02,16132.51,33661.75,16132.51,13353.62,0,0,0,5458.02,16132.51,33661.75,16132.51,13353.62,0,0,0,5458.02,16132.51,33661.75,16132.51,13353.62,0,0,0,5458.02,16132.51
1994,34782.04,16169.06,13846.41,0,0,0,5569.73,16169.06,34782.04,16169.06,13846.41,0,0,0,5569.73,16169.06,34782.04,16169.06,13846.41,0,0,0,5569.73,16169.06,34782.04,16169.06,13846.41,0,0,0,5569.73,16169.06
1995,35794.97,16303.47,14405.25,0,0,0,5681.44,16303.47,35794.97,16303.47,14405.25,0,0,0,5681.44,16303.47,35794.97,16303.47,14405.25,0,0,0,5681.44,16303.47,35794.97,16303.47,14405.25,0,0,0,5681.44,16303.47
1996,37408.7,16666.25,14625.3,0,0,0,5720.2,16666.25,37408.7,16666.25,14625.3,0,0,0,5720.2,16666.25,37408.7,16666.25,14625.3,0,0,0,5720.2,16666.25,37408.7,16666.25,14625.3,0,0,0,5720.2,16666.25
1997,38742.33,16753.6,14463.75,0,0,0,5758.97,16753.6,38742.33,16753.6,14463.75,0,0,0,5758.97,16753.6,38742.33,16753.6,14463.75,0,0,0,5758.97,16753.6,38742.33,16753.6,14463.75,0,0,0,5758.97,16753.6
1998,40643.28,17116.84,15244.63,0,0,0,5797.74,17116.84,40643.28,17116.84,15244.63,0,0,0,5797.74,17116.84,40643.28,17116.84,15244.63,0,0,0,5797.74,17116.84,40643.28,17116.84,15244.63,0,0,0,5797.74,17116.84
1999,42371.77,16665.24,14842.33,0,0,0,5836.51,16665.24,42371.77,16665.24,14842.33,0,0,0,5836.51,16665.24,42371.77,16665.24,14842.33,0,0,0,5836.51,16665.24,42371.77,16665.24,14842.33,0,0,0,5836.51,16665.24
2000,45176.28,16113.33,14314.54,0,0,0,5875.28,16113.33,45176.28,16113.33,14314.54,0,0,0,5875.28,16113.33,45176.28,16113.33,14314.54,0,0,0,5875.28,16113.33,45176.28,16113.33,14314.54,0,0,0,5875.28,16113.33
2001,47530.83,16262.23,13470.9,0,0,0,5895.15,16262.23,47530.83,16262.23,13470.9,0,0,0,5895.15,16262.23,47530.83,16262.23,13470.9,0,0,0,5895.15,16262.23,47530.83,16262.23,13470.9,0,0,0,5895.15,16262.23
2002,46007.24,16263.76,12884.44,0,0,0,5915.02,16263.76,46007.24,16263.76,12884.44,0,0,0,5915.02,16263.76,46007.24,16263.76,12884.44,0,0,0,5915.02,16263.76,46007.24,16263.76,12884.44,0,0,0,5915.02,16263.76
2003,45610.25,17037.8,12710.71,0,0,0,5934.89,17037.8,45610.25,17037.8,12710.71,0,0,0,5934.89,17037.8,45610.25,17037.8,12710.71,0,0,0,5934.89,17037.8,45610.25,17037.8,12710.71,0,0,0,5934.89,17037.8
2004,46092.14,15907.17,12471.02,0,0,0,5954.76,15907.17,46092.14,15907.17,12471.02,0,0,0,5954.76,15907.17,46092.14,15907.17,12471.02,0,0,0,5954.76,15907.17,46092.14,15907.17,12471.02,0,0,0,5954.76,15907.17
2005,48078.92,15702.11,12247.91,0,0,0,5974.63,15702.11,48078.92,15702.11,12247.91,0,0,0,5974.63,15702.11,48078.92,15702.11,12247.91,0,0,0,5974.63,15702.11,48078.92,15702.11,12247.91,0,0,0,5974.63,15702.11
2006,47527.98,15854.91,11873.81,0,0,0,6026.2,15854.91,47527.98,15854.91,11873.81,0,0,0,6026.2,15854.91,47527.98,15854.91,11873.81,0,0,0,6026.2,15854.91,47527.98,15854.91,11873.81,0,0,0,6026.2,15854.91
2007,47587.64,14919.02,11431.46,0,0,0,6077.77,14919.02,47587.64,14919.02,11431.46,0,0,0,6077.77,14919.02,47587.64,14919.02,11431.46,0,0,0,6077.77,14919.02,47587.64,14919.02,11431.46,0,0,0,6077.77,14919.02
2008,47291.06,14773.6,11350.61,0,0,0,6129.34,14773.6,47291.06,14773.6,11350.61,0,0,0,6129.34,14773.6,47291.06,14773.6,11350.61,0,0,0,6129.34,14773.6,47291.06,14773.6,11350.61,0,0,0,6129.34,14773.6
2009,42112.99,14366.39,11014.39,0,0,0,6180.91,14366.39,42112.99,14366.39,11014.39,0,0,0,6180.91,14366.39,42112.99,14366.39,11014.39,0,0,0,6180.91,14366.39,42112.99,14366.39,11014.39,0,0,0,6180.91,14366.39
2010,41727.19,14085.86,11464.64,0,0,0,6232.47,14085.86,41727.19,14085.86,11464.64,0,0,0,6232.47,14085.86,41727.19,14085.86,11464.64,0,0,0,6232.47,14085.86,41727.19,14085.86,11464.64,0,0,0,6232.47,14085.86
2011,38036.48,14026.71,10710.74,0,0,0,5476.71,14026.71,38036.48,14026.71,10710.74,0,0,0,5476.71,14026.71,38036.48,14026.71,10710.74,0,0,0,5476.71,14026.71,38036.48,14026.71,10710.74,0,0,0,5476.71,14026.71
2012,38180.93,14734.46,11133.51,0,0,0,4445.75,14734.46,38180.93,14734.46,11133.51,0,0,0,4445.75,14734.46,38180.93,14734.46,11133.51,0,0,0,4445.75,14734.46,38180.93,14734.46,11133.51,0,0,0,4445.75,14734.46
2013,37232.24,15051.81,11872.64,0,0,0,4566.74,15051.81,37232.24,15051.81,11872.64,0,0,0,4566.74,15051.81,37232.24,15051.81,11872.64,0,0,0,4566.74,15051.81,37232.24,15051.81,11872.64,0,0,0,4566.74,15051.81
2014,36850.08,15133.42,11391.11,0,0,0,5927.31,15133.42,36850.08,15133.42,11391.11,0,0,0,5927.31,15133.42,36850.08,15133.42,11391.11,0,0,0,5927.31,15133.42,36850.08,15133.42,11391.11,0,0,0,5927.31,15133.42
2015,38626,15722.12,11500.39,0,0,0,5569.36,15722.12,38626,15722.12,11500.39,0,0,0,5569.36,15722.12,38626,15722.12,11500.39,0,0,0,5569.36,15722.12,38626,15722.12,11500.39,0,0,0,5569.36,15722.12
2016,40091.69,16153.86,11686.23,0,0,0,4976.06,16153.86,40091.69,16153.86,11686.23,0,0,0,4976.06,16153.86,40091.69,16153.86,11686.23,0,0,0,4976.06,16153.86,40091.69,16153.86,11686.23,0,0,0,4976.06,16153.86
2017,39070.96,16604.56,12279.63,0,0,0,6475.34,16604.56,39070.96,16604.56,12279.63,0,0,0,6475.34,16604.56,39070.96,16604.56,12279.63,0,0,0,6475.34,16604.56,39070.96,16604.56,12279.63,0,0,0,6475.34,16604.56
2018,39132.59,16956.05,12891.54,0,0,0,4778.38,16956.05,39132.59,16956.05,12891.54,0,0,0,4778.38,16956.05,39132.59,16956.05,12891.54,0,0,0,4778.38,16956.05,39132.59,16956.05,12891.54,0,0,0,4778.38,16956.05
2019,37215.8,16498.18,12183.17,0,0,0,4435.55,16498.18,37215.8,16498.18,12183.17,0,0,0,4435.55,16498.18,37215.8,16498.18,12183.17,0,0,0,4435.55,16498.18,37215.8,16498.18,12183.17,0,0,0,4435.55,16498.18
2020,,,,,,,,,,,,,,,,,,,,,,,,,,,,,,,,
2021,,,,,,,,,,,,,,,,,,,,,,,,,,,,,,,,
2022,,,,,,,,,,,,,,,,,,,,,,,,,,,,,,,,
2023,,,,,,,,,,,,,,,,,,,,,,,,,,,,,,,,
2024,,,,,,,,,,,,,,,,,,,,,,,,,,,,,,,,
2025,,,,,,,,,,,,,,,,,,,,,,,,,,,,,,,,
2026,,,,,,,,,,,,,,,,,,,,,,,,,,,,,,,,
2027,,,,,,,,,,,,,,,,,,,,,,,,,,,,,,,,
2028,,,,,,,,,,,,,,,,,,,,,,,,,,,,,,,,
2029,,,,,,,,,,,,,,,,,,,,,,,,,,,,,,,,
2030,,,,,,,,,,,,,,,,,,,,,,,,,,,,,,,,
2031,,,,,,,,,,,,,,,,,,,,,,,,,,,,,,,,
2032,,,,,,,,,,,,,,,,,,,,,,,,,,,,,,,,
2033,,,,,,,,,,,,,,,,,,,,,,,,,,,,,,,,
2034,,,,,,,,,,,,,,,,,,,,,,,,,,,,,,,,
2035,,,,,,,,,,,,,,,,,,,,,,,,,,,,,,,,
2036,,,,,,,,,,,,,,,,,,,,,,,,,,,,,,,,
2037,,,,,,,,,,,,,,,,,,,,,,,,,,,,,,,,
2038,,,,,,,,,,,,,,,,,,,,,,,,,,,,,,,,
2039,,,,,,,,,,,,,,,,,,,,,,,,,,,,,,,,
2040,,,,,,,,,,,,,,,,,,,,,,,,,,,,,,,,
2041,,,,,,,,,,,,,,,,,,,,,,,,,,,,,,,,
2042,,,,,,,,,,,,,,,,,,,,,,,,,,,,,,,,
2043,,,,,,,,,,,,,,,,,,,,,,,,,,,,,,,,
2044,,,,,,,,,,,,,,,,,,,,,,,,,,,,,,,,
2045,,,,,,,,,,,,,,,,,,,,,,,,,,,,,,,,
2046,,,,,,,,,,,,,,,,,,,,,,,,,,,,,,,,
2047,,,,,,,,,,,,,,,,,,,,,,,,,,,,,,,,
2048,,,,,,,,,,,,,,,,,,,,,,,,,,,,,,,,
2049,,,,,,,,,,,,,,,,,,,,,,,,,,,,,,,,
2050,,,,,,,,,,,,,,,,,,,,,,,,,,,,,,,,
2051,,,,,,,,,,,,,,,,,,,,,,,,,,,,,,,,
2052,,,,,,,,,,,,,,,,,,,,,,,,,,,,,,,,
2053,,,,,,,,,,,,,,,,,,,,,,,,,,,,,,,,
2054,,,,,,,,,,,,,,,,,,,,,,,,,,,,,,,,
2055,,,,,,,,,,,,,,,,,,,,,,,,,,,,,,,,
2056,,,,,,,,,,,,,,,,,,,,,,,,,,,,,,,,
2057,,,,,,,,,,,,,,,,,,,,,,,,,,,,,,,,
2058,,,,,,,,,,,,,,,,,,,,,,,,,,,,,,,,
2059,,,,,,,,,,,,,,,,,,,,,,,,,,,,,,,,
2060,,,,,,,,,,,,,,,,,,,,,,,,,,,,,,,,
2061,,,,,,,,,,,,,,,,,,,,,,,,,,,,,,,,
2062,,,,,,,,,,,,,,,,,,,,,,,,,,,,,,,,
2063,,,,,,,,,,,,,,,,,,,,,,,,,,,,,,,,
2064,,,,,,,,,,,,,,,,,,,,,,,,,,,,,,,,
2065,,,,,,,,,,,,,,,,,,,,,,,,,,,,,,,,
2066,,,,,,,,,,,,,,,,,,,,,,,,,,,,,,,,
2067,,,,,,,,,,,,,,,,,,,,,,,,,,,,,,,,
2068,,,,,,,,,,,,,,,,,,,,,,,,,,,,,,,,
2069,,,,,,,,,,,,,,,,,,,,,,,,,,,,,,,,
2070,,,,,,,,,,,,,,,,,,,,,,,,,,,,,,,,
2071,,,,,,,,,,,,,,,,,,,,,,,,,,,,,,,,
2072,,,,,,,,,,,,,,,,,,,,,,,,,,,,,,,,
2073,,,,,,,,,,,,,,,,,,,,,,,,,,,,,,,,
2074,,,,,,,,,,,,,,,,,,,,,,,,,,,,,,,,
2075,,,,,,,,,,,,,,,,,,,,,,,,,,,,,,,,
2076,,,,,,,,,,,,,,,,,,,,,,,,,,,,,,,,
2077,,,,,,,,,,,,,,,,,,,,,,,,,,,,,,,,
2078,,,,,,,,,,,,,,,,,,,,,,,,,,,,,,,,
2079,,,,,,,,,,,,,,,,,,,,,,,,,,,,,,,,
2080,,,,,,,,,,,,,,,,,,,,,,,,,,,,,,,,
2081,,,,,,,,,,,,,,,,,,,,,,,,,,,,,,,,
2082,,,,,,,,,,,,,,,,,,,,,,,,,,,,,,,,
2083,,,,,,,,,,,,,,,,,,,,,,,,,,,,,,,,
2084,,,,,,,,,,,,,,,,,,,,,,,,,,,,,,,,
2085,,,,,,,,,,,,,,,,,,,,,,,,,,,,,,,,
2086,,,,,,,,,,,,,,,,,,,,,,,,,,,,,,,,
2087,,,,,,,,,,,,,,,,,,,,,,,,,,,,,,,,
2088,,,,,,,,,,,,,,,,,,,,,,,,,,,,,,,,
2089,,,,,,,,,,,,,,,,,,,,,,,,,,,,,,,,
2090,,,,,,,,,,,,,,,,,,,,,,,,,,,,,,,,
2091,,,,,,,,,,,,,,,,,,,,,,,,,,,,,,,,
2092,,,,,,,,,,,,,,,,,,,,,,,,,,,,,,,,
2093,,,,,,,,,,,,,,,,,,,,,,,,,,,,,,,,
2094,,,,,,,,,,,,,,,,,,,,,,,,,,,,,,,,
2095,,,,,,,,,,,,,,,,,,,,,,,,,,,,,,,,
2096,,,,,,,,,,,,,,,,,,,,,,,,,,,,,,,,
2097,,,,,,,,,,,,,,,,,,,,,,,,,,,,,,,,
2098,,,,,,,,,,,,,,,,,,,,,,,,,,,,,,,,
2099,,,,,,,,,,,,,,,,,,,,,,,,,,,,,,,,
2100,,,,,,,,,,,,,,,,,,,,,,,,,,,,,,,,
2101,,,,,,,,,,,,,,,,,,,,,,,,,,,,,,,,
2102,,,,,,,,,,,,,,,,,,,,,,,,,,,,,,,,
2103,,,,,,,,,,,,,,,,,,,,,,,,,,,,,,,,
2104,,,,,,,,,,,,,,,,,,,,,,,,,,,,,,,,
2105,,,,,,,,,,,,,,,,,,,,,,,,,,,,,,,,
2106,,,,,,,,,,,,,,,,,,,,,,,,,,,,,,,,
2107,,,,,,,,,,,,,,,,,,,,,,,,,,,,,,,,
2108,,,,,,,,,,,,,,,,,,,,,,,,,,,,,,,,
2109,,,,,,,,,,,,,,,,,,,,,,,,,,,,,,,,
2110,,,,,,,,,,,,,,,,,,,,,,,,,,,,,,,,
2111,,,,,,,,,,,,,,,,,,,,,,,,,,,,,,,,
2112,,,,,,,,,,,,,,,,,,,,,,,,,,,,,,,,
2113,,,,,,,,,,,,,,,,,,,,,,,,,,,,,,,,
2114,,,,,,,,,,,,,,,,,,,,,,,,,,,,,,,,
2115,,,,,,,,,,,,,,,,,,,,,,,,,,,,,,,,
2116,,,,,,,,,,,,,,,,,,,,,,,,,,,,,,,,
2117,,,,,,,,,,,,,,,,,,,,,,,,,,,,,,,,
2118,,,,,,,,,,,,,,,,,,,,,,,,,,,,,,,,
2119,,,,,,,,,,,,,,,,,,,,,,,,,,,,,,,,
2120,,,,,,,,,,,,,,,,,,,,,,,,,,,,,,,,
2121,,,,,,,,,,,,,,,,,,,,,,,,,,,,,,,,
2122,,,,,,,,,,,,,,,,,,,,,,,,,,,,,,,,
2123,,,,,,,,,,,,,,,,,,,,,,,,,,,,,,,,
2124,,,,,,,,,,,,,,,,,,,,,,,,,,,,,,,,
2125,,,,,,,,,,,,,,,,,,,,,,,,,,,,,,,,
2126,,,,,,,,,,,,,,,,,,,,,,,,,,,,,,,,
2127,,,,,,,,,,,,,,,,,,,,,,,,,,,,,,,,
2128,,,,,,,,,,,,,,,,,,,,,,,,,,,,,,,,
2129,,,,,,,,,,,,,,,,,,,,,,,,,,,,,,,,
2130,,,,,,,,,,,,,,,,,,,,,,,,,,,,,,,,
2131,,,,,,,,,,,,,,,,,,,,,,,,,,,,,,,,
2132,,,,,,,,,,,,,,,,,,,,,,,,,,,,,,,,
2133,,,,,,,,,,,,,,,,,,,,,,,,,,,,,,,,
2134,,,,,,,,,,,,,,,,,,,,,,,,,,,,,,,,
2135,,,,,,,,,,,,,,,,,,,,,,,,,,,,,,,,
2136,,,,,,,,,,,,,,,,,,,,,,,,,,,,,,,,
2137,,,,,,,,,,,,,,,,,,,,,,,,,,,,,,,,
2138,,,,,,,,,,,,,,,,,,,,,,,,,,,,,,,,
2139,,,,,,,,,,,,,,,,,,,,,,,,,,,,,,,,
2140,,,,,,,,,,,,,,,,,,,,,,,,,,,,,,,,
2141,,,,,,,,,,,,,,,,,,,,,,,,,,,,,,,,
2142,,,,,,,,,,,,,,,,,,,,,,,,,,,,,,,,
2143,,,,,,,,,,,,,,,,,,,,,,,,,,,,,,,,
2144,,,,,,,,,,,,,,,,,,,,,,,,,,,,,,,,
2145,,,,,,,,,,,,,,,,,,,,,,,,,,,,,,,,
2146,,,,,,,,,,,,,,,,,,,,,,,,,,,,,,,,
2147,,,,,,,,,,,,,,,,,,,,,,,,,,,,,,,,
2148,,,,,,,,,,,,,,,,,,,,,,,,,,,,,,,,
2149,,,,,,,,,,,,,,,,,,,,,,,,,,,,,,,,
2150,,,,,,,,,,,,,,,,,,,,,,,,,,,,,,,,
2151,,,,,,,,,,,,,,,,,,,,,,,,,,,,,,,,
2152,,,,,,,,,,,,,,,,,,,,,,,,,,,,,,,,
2153,,,,,,,,,,,,,,,,,,,,,,,,,,,,,,,,
2154,,,,,,,,,,,,,,,,,,,,,,,,,,,,,,,,
2155,,,,,,,,,,,,,,,,,,,,,,,,,,,,,,,,
2156,,,,,,,,,,,,,,,,,,,,,,,,,,,,,,,,
2157,,,,,,,,,,,,,,,,,,,,,,,,,,,,,,,,
2158,,,,,,,,,,,,,,,,,,,,,,,,,,,,,,,,
2159,,,,,,,,,,,,,,,,,,,,,,,,,,,,,,,,
2160,,,,,,,,,,,,,,,,,,,,,,,,,,,,,,,,
2161,,,,,,,,,,,,,,,,,,,,,,,,,,,,,,,,
2162,,,,,,,,,,,,,,,,,,,,,,,,,,,,,,,,
2163,,,,,,,,,,,,,,,,,,,,,,,,,,,,,,,,
2164,,,,,,,,,,,,,,,,,,,,,,,,,,,,,,,,
2165,,,,,,,,,,,,,,,,,,,,,,,,,,,,,,,,
2166,,,,,,,,,,,,,,,,,,,,,,,,,,,,,,,,
2167,,,,,,,,,,,,,,,,,,,,,,,,,,,,,,,,
2168,,,,,,,,,,,,,,,,,,,,,,,,,,,,,,,,
2169,,,,,,,,,,,,,,,,,,,,,,,,,,,,,,,,
2170,,,,,,,,,,,,,,,,,,,,,,,,,,,,,,,,
2171,,,,,,,,,,,,,,,,,,,,,,,,,,,,,,,,
2172,,,,,,,,,,,,,,,,,,,,,,,,,,,,,,,,
2173,,,,,,,,,,,,,,,,,,,,,,,,,,,,,,,,
2174,,,,,,,,,,,,,,,,,,,,,,,,,,,,,,,,
2175,,,,,,,,,,,,,,,,,,,,,,,,,,,,,,,,
2176,,,,,,,,,,,,,,,,,,,,,,,,,,,,,,,,
2177,,,,,,,,,,,,,,,,,,,,,,,,,,,,,,,,
2178,,,,,,,,,,,,,,,,,,,,,,,,,,,,,,,,
2179,,,,,,,,,,,,,,,,,,,,,,,,,,,,,,,,
2180,,,,,,,,,,,,,,,,,,,,,,,,,,,,,,,,
2181,,,,,,,,,,,,,,,,,,,,,,,,,,,,,,,,
2182,,,,,,,,,,,,,,,,,,,,,,,,,,,,,,,,
2183,,,,,,,,,,,,,,,,,,,,,,,,,,,,,,,,
2184,,,,,,,,,,,,,,,,,,,,,,,,,,,,,,,,
2185,,,,,,,,,,,,,,,,,,,,,,,,,,,,,,,,
2186,,,,,,,,,,,,,,,,,,,,,,,,,,,,,,,,
2187,,,,,,,,,,,,,,,,,,,,,,,,,,,,,,,,
2188,,,,,,,,,,,,,,,,,,,,,,,,,,,,,,,,
2189,,,,,,,,,,,,,,,,,,,,,,,,,,,,,,,,
2190,,,,,,,,,,,,,,,,,,,,,,,,,,,,,,,,
2191,,,,,,,,,,,,,,,,,,,,,,,,,,,,,,,,
2192,,,,,,,,,,,,,,,,,,,,,,,,,,,,,,,,
2193,,,,,,,,,,,,,,,,,,,,,,,,,,,,,,,,
2194,,,,,,,,,,,,,,,,,,,,,,,,,,,,,,,,
2195,,,,,,,,,,,,,,,,,,,,,,,,,,,,,,,,
2196,,,,,,,,,,,,,,,,,,,,,,,,,,,,,,,,
2197,,,,,,,,,,,,,,,,,,,,,,,,,,,,,,,,
2198,,,,,,,,,,,,,,,,,,,,,,,,,,,,,,,,
2199,,,,,,,,,,,,,,,,,,,,,,,,,,,,,,,,
2200,,,,,,,,,,,,,,,,,,,,,,,,,,,,,,,,
2201,,,,,,,,,,,,,,,,,,,,,,,,,,,,,,,,
2202,,,,,,,,,,,,,,,,,,,,,,,,,,,,,,,,
2203,,,,,,,,,,,,,,,,,,,,,,,,,,,,,,,,
2204,,,,,,,,,,,,,,,,,,,,,,,,,,,,,,,,
2205,,,,,,,,,,,,,,,,,,,,,,,,,,,,,,,,
2206,,,,,,,,,,,,,,,,,,,,,,,,,,,,,,,,
2207,,,,,,,,,,,,,,,,,,,,,,,,,,,,,,,,
2208,,,,,,,,,,,,,,,,,,,,,,,,,,,,,,,,
2209,,,,,,,,,,,,,,,,,,,,,,,,,,,,,,,,
2210,,,,,,,,,,,,,,,,,,,,,,,,,,,,,,,,
2211,,,,,,,,,,,,,,,,,,,,,,,,,,,,,,,,
2212,,,,,,,,,,,,,,,,,,,,,,,,,,,,,,,,
2213,,,,,,,,,,,,,,,,,,,,,,,,,,,,,,,,
2214,,,,,,,,,,,,,,,,,,,,,,,,,,,,,,,,
2215,,,,,,,,,,,,,,,,,,,,,,,,,,,,,,,,
2216,,,,,,,,,,,,,,,,,,,,,,,,,,,,,,,,
2217,,,,,,,,,,,,,,,,,,,,,,,,,,,,,,,,
2218,,,,,,,,,,,,,,,,,,,,,,,,,,,,,,,,
2219,,,,,,,,,,,,,,,,,,,,,,,,,,,,,,,,
2220,,,,,,,,,,,,,,,,,,,,,,,,,,,,,,,,
2221,,,,,,,,,,,,,,,,,,,,,,,,,,,,,,,,
2222,,,,,,,,,,,,,,,,,,,,,,,,,,,,,,,,
2223,,,,,,,,,,,,,,,,,,,,,,,,,,,,,,,,
2224,,,,,,,,,,,,,,,,,,,,,,,,,,,,,,,,
2225,,,,,,,,,,,,,,,,,,,,,,,,,,,,,,,,
2226,,,,,,,,,,,,,,,,,,,,,,,,,,,,,,,,
2227,,,,,,,,,,,,,,,,,,,,,,,,,,,,,,,,
2228,,,,,,,,,,,,,,,,,,,,,,,,,,,,,,,,
2229,,,,,,,,,,,,,,,,,,,,,,,,,,,,,,,,
2230,,,,,,,,,,,,,,,,,,,,,,,,,,,,,,,,
2231,,,,,,,,,,,,,,,,,,,,,,,,,,,,,,,,
2232,,,,,,,,,,,,,,,,,,,,,,,,,,,,,,,,
2233,,,,,,,,,,,,,,,,,,,,,,,,,,,,,,,,
2234,,,,,,,,,,,,,,,,,,,,,,,,,,,,,,,,
2235,,,,,,,,,,,,,,,,,,,,,,,,,,,,,,,,
2236,,,,,,,,,,,,,,,,,,,,,,,,,,,,,,,,
2237,,,,,,,,,,,,,,,,,,,,,,,,,,,,,,,,
2238,,,,,,,,,,,,,,,,,,,,,,,,,,,,,,,,
2239,,,,,,,,,,,,,,,,,,,,,,,,,,,,,,,,
2240,,,,,,,,,,,,,,,,,,,,,,,,,,,,,,,,
2241,,,,,,,,,,,,,,,,,,,,,,,,,,,,,,,,
2242,,,,,,,,,,,,,,,,,,,,,,,,,,,,,,,,
2243,,,,,,,,,,,,,,,,,,,,,,,,,,,,,,,,
2244,,,,,,,,,,,,,,,,,,,,,,,,,,,,,,,,
2245,,,,,,,,,,,,,,,,,,,,,,,,,,,,,,,,
2246,,,,,,,,,,,,,,,,,,,,,,,,,,,,,,,,
2247,,,,,,,,,,,,,,,,,,,,,,,,,,,,,,,,
2248,,,,,,,,,,,,,,,,,,,,,,,,,,,,,,,,
2249,,,,,,,,,,,,,,,,,,,,,,,,,,,,,,,,
2250,,,,,,,,,,,,,,,,,,,,,,,,,,,,,,,,
2251,,,,,,,,,,,,,,,,,,,,,,,,,,,,,,,,
2252,,,,,,,,,,,,,,,,,,,,,,,,,,,,,,,,
2253,,,,,,,,,,,,,,,,,,,,,,,,,,,,,,,,
2254,,,,,,,,,,,,,,,,,,,,,,,,,,,,,,,,
2255,,,,,,,,,,,,,,,,,,,,,,,,,,,,,,,,
2256,,,,,,,,,,,,,,,,,,,,,,,,,,,,,,,,
2257,,,,,,,,,,,,,,,,,,,,,,,,,,,,,,,,
2258,,,,,,,,,,,,,,,,,,,,,,,,,,,,,,,,
2259,,,,,,,,,,,,,,,,,,,,,,,,,,,,,,,,
2260,,,,,,,,,,,,,,,,,,,,,,,,,,,,,,,,
2261,,,,,,,,,,,,,,,,,,,,,,,,,,,,,,,,
2262,,,,,,,,,,,,,,,,,,,,,,,,,,,,,,,,
2263,,,,,,,,,,,,,,,,,,,,,,,,,,,,,,,,
2264,,,,,,,,,,,,,,,,,,,,,,,,,,,,,,,,
2265,,,,,,,,,,,,,,,,,,,,,,,,,,,,,,,,
2266,,,,,,,,,,,,,,,,,,,,,,,,,,,,,,,,
2267,,,,,,,,,,,,,,,,,,,,,,,,,,,,,,,,
2268,,,,,,,,,,,,,,,,,,,,,,,,,,,,,,,,
2269,,,,,,,,,,,,,,,,,,,,,,,,,,,,,,,,
2270,,,,,,,,,,,,,,,,,,,,,,,,,,,,,,,,
2271,,,,,,,,,,,,,,,,,,,,,,,,,,,,,,,,
2272,,,,,,,,,,,,,,,,,,,,,,,,,,,,,,,,
2273,,,,,,,,,,,,,,,,,,,,,,,,,,,,,,,,
2274,,,,,,,,,,,,,,,,,,,,,,,,,,,,,,,,
2275,,,,,,,,,,,,,,,,,,,,,,,,,,,,,,,,
2276,,,,,,,,,,,,,,,,,,,,,,,,,,,,,,,,
2277,,,,,,,,,,,,,,,,,,,,,,,,,,,,,,,,
2278,,,,,,,,,,,,,,,,,,,,,,,,,,,,,,,,
2279,,,,,,,,,,,,,,,,,,,,,,,,,,,,,,,,
2280,,,,,,,,,,,,,,,,,,,,,,,,,,,,,,,,
2281,,,,,,,,,,,,,,,,,,,,,,,,,,,,,,,,
2282,,,,,,,,,,,,,,,,,,,,,,,,,,,,,,,,
2283,,,,,,,,,,,,,,,,,,,,,,,,,,,,,,,,
2284,,,,,,,,,,,,,,,,,,,,,,,,,,,,,,,,
2285,,,,,,,,,,,,,,,,,,,,,,,,,,,,,,,,
2286,,,,,,,,,,,,,,,,,,,,,,,,,,,,,,,,
2287,,,,,,,,,,,,,,,,,,,,,,,,,,,,,,,,
2288,,,,,,,,,,,,,,,,,,,,,,,,,,,,,,,,
2289,,,,,,,,,,,,,,,,,,,,,,,,,,,,,,,,
2290,,,,,,,,,,,,,,,,,,,,,,,,,,,,,,,,
2291,,,,,,,,,,,,,,,,,,,,,,,,,,,,,,,,
2292,,,,,,,,,,,,,,,,,,,,,,,,,,,,,,,,
2293,,,,,,,,,,,,,,,,,,,,,,,,,,,,,,,,
2294,,,,,,,,,,,,,,,,,,,,,,,,,,,,,,,,
2295,,,,,,,,,,,,,,,,,,,,,,,,,,,,,,,,
2296,,,,,,,,,,,,,,,,,,,,,,,,,,,,,,,,
2297,,,,,,,,,,,,,,,,,,,,,,,,,,,,,,,,
2298,,,,,,,,,,,,,,,,,,,,,,,,,,,,,,,,
2299,,,,,,,,,,,,,,,,,,,,,,,,,,,,,,,,
